{
    "set": [
        {
            "aliase": [
                "owner",
                "dono"
            ],
            "type": "owner",
            "danger": false
        },
        {
            "aliase": [
                "developer",
                "dev"
            ],
            "type": "developer",
            "danger": false
        },
        {
            "aliase": [
                "translater",
                "tradutor"
            ],
            "type": "translater",
            "danger": false
        },
        {
            "aliase": [
                "designer",
                "dzn"
            ],
            "type": "designer",
            "danger": false
        },
        {
            "aliase": [
                "blacklist",
                "lista-negra"
            ],
            "type": "blacklist",
            "danger": true
        }
    ],
    "maintencecmd": [
        {
            "aliase": [
                "set",
                "colocar",
                "setar"
            ],
            "type": "Set",
            "list": false,
            "boolean": true,
            "error": "alreadyInMaintence",
            "send": "commandInMaintence"
        },
        {
            "aliase": [
                "unset",
                "tirar",
                "remover"
            ],
            "type": "UnSet",
            "list": false,
            "boolean": false,
            "error": "alreadyUnMaintence",
            "send": "commandUnMaintence"
        },
        {
            "aliase": [
                "list",
                "lista",
                "--list"
            ],
            "list": true
        }
    ]
}